,Zeitschriftentitel,Herausgeber / Körperschaft,ISSN,Sprache,Dubletten
,25 Jahre Arbeitsgemeinschaft Wanderfalkenschutz ( 1989-2014),Arbeitsgemeinschaft Wanderfalkenschutz,keine ISSN,deutsch,Sonderheft
A,Anhandlungen der Mathematisch-Naturw. Klasse,,,deutsch,1981 H.3
A,Abhandlungen zur Karst- und Höhlenkunde,Verband der deutschen Höhlen- und Karstforscher e.V.,0179-3969,deutsch,37 (2018)
A,Acta Adriatica,,0001-5113,?,54 (2013) H.1
A,Acta Amazonica,,0044-5967,portugiesisch- englisch ,8 (1978) Suppl. 2 zu H. 1
A,Acta Amazonica,,0044-5967,portugiesisch- englisch ,39 (2009) H. 2-3 jeweils 2x
A,Acta Biologica Benrodis,,0177-9214,deutsch,4 (1992) H.1+2 bis 11(2000) H.1+2
A,Acta entomologica jugoslavica,,0350-5529,?,9 (1973) H.1/2
A,Acta entomologica jugoslavica,,0350-5529,?,10 (1974) H.1/2
A,Acta Musei Moraviae,,1211-8788,tschechisch- englisch,82 (1997)
A,Acta Musei Reginaehradecensis Ser. A,,keine ISSN,?,Suplementum 1980
A,Acta ornithologica,Polska Akademia Nauk,0001-6454,?,45 (2010) H.2
A,Acta ornithologica lituanica,,0135-3861,russisch- englisch,1 (1989)
A,Acta zoologica Academiae scientiarum hungaricae,Hungarian Academy of Sciences,0001-7264,?,55 (2009) H.4
A,Acta zoologica Academiae scientiarum hungaricae,Hungarian Academy of Sciences,0001-7264,?,58 (2012) H.1
A,Acta zoologica mexicana,,0065-1737,spanisch,N.S. 26 (2010) H. 3
A,Actitis,Naturschutzbund Deutschland- Landesverband Sachsen e.V.,1432-397x,deutsch,34 (1999)
A,Actitis,Naturschutzbund Deutschland- Landesverband Sachsen e.V.,1432-397x,deutsch,35 (2000)
A,Actitis,Naturschutzbund Deutschland- Landesverband Sachsen e.V.,1432-397x,deutsch,37 (2002)
A,Actitis,Naturschutzbund Deutschland- Landesverband Sachsen e.V.,1432-397x,deutsch,39 (2004)
A,Actitis,Naturschutzbund Deutschland- Landesverband Sachsen e.V.,1432-397x,deutsch,40 (2005)
A,Actualidades biologicas , Departamento de Biologia- Universidad de Antioquia,0304-3584,spanisch,31 (2009) H. 90
A,Africa Birds & Birding,,keine ISSN,englisch,12 (2007/08) H.1-6
A,Africa Birds & Birding,,keine ISSN,englisch,13 (2008/09) H.1-6
A,Africa Birds & Birding,,keine ISSN,englisch,14 (2009/10) H.1-6
A,Africa Birds & Birding,,keine ISSN,englisch,15 (2010/11) H.1-6
A,Africa Birds & Birding,,keine ISSN,englisch,16 (2011/12) H.1-6 -2 Expl. H.6
A,Africa Birds & Birding,,keine ISSN,englisch,17 (2012/13) H.1-2- 2 Expl. H.1
A,African Invertebrates,Council of the Natal Museum,1681-5556,englisch,52 (2011) H. 1
A,African Journal of Herpetology,Herpetological Association of Africa,0441-6651,englisch,59 (2010) H.2 2 Expl.
A,African Zoology,Zoological Society of Southern Africa,1562-7020,englisch,43 (2008) H. 2
A,African Zoology,Zoological Society of Southern Africa,1562-7021,englisch,45 (2010) H.1-2
A,African Zoology,Zoological Society of Southern Africa,1562-7022,englisch,46 (2011) H.2
A,African Zoology,Zoological Society of Southern Africa,1562-7023,englisch,49 (2014) H.2
A,Alexanor : revue des lépidoptéristes français ,Lépidoptéristes français,0002-5208,französisch,23 (2003) H. 3/4
A,Amazoniana,Nationales Institut für Amazonasforschung (INPA),0065-6755,deutsch,13 (1994) H.1/2
A,American Entomologist,Entomolgical Society of America,0013-8754,englisch,54 (2008) H.1-4
A,American Entomologist,Entomolgical Society of America,0013-8754,englisch,
A,Amibio Newsletter,,,,1-10 komplett
A,Annali del Museo Civico di Storia Naturale di Ferrara,Civico Museo di Storia Naturale (Ferrara),1127-4476,italenisch,14/15 (2011/12)
A,Annales Zoologici Fennici,Finnish Zoological and Botanical Publ. Board,,englisch,42 (2005) H. 4 = Sonderheft: Spatial Ecology of herbivorous Insects
A,Andrias,Staatliches Museum für Naturkunde Karlsruhe,0721-6513,deutsch,13 (1994)
A,Andrias,Staatliches Museum für Naturkunde Karlsruhe,0721-6513,deutsch,51 (2001)
A,Animal Behaviour <London>,,0003-3472,englisch,65 (2003) H.1
A,Animal Behaviour <London>,,0003-3472,englisch,111 (2016) 
A,Animal Behaviour <London>,,0003-3472,englisch,112 (2016) 
A,Animal Behaviour <London>,,0003-3472,englisch,120 (2016) 3 Expl.
A,Animal Behaviour <London>,,0003-3472,englisch,123 (2017)
A,Animal Biodiversity and Conservation,,1578-665X,englisch,33 (2010) H.1
A,Animal Biology,Royal Dutch Zoological Society,0028-2960,englisch,59 (2009) H.1- H. 4
A,Annales de la Societe entomologique de France,,0037-9271,?,129 (1960) – 133 (1964)
A,Annales historico-naturales Musei nationalis hungarici,,0521-4726,ungarisch,103 (2011)
A,Annales historico-naturales Musei nationalis hungarici,,0521-4726,ungarisch,104 (2012)
A,Annales Zoologici,Natura Optima Dux foundation,0003-4541,?,64 (2014) H.3
A,Annales Zoologici Fennici,Finnish Zoological and Botanical Publishing Board,0003-455x,englisch,51 (2014) H.3
A,Annali del Museo Civico di Storia Naturale di Ferrara,Civico Museo di Storia Naturale (Ferrara) ,1127-4476,italenisch,13 (2010)
A,Annali del Museo Civico di Storia Naturale di Ferrara,Civico Museo di Storia Naturale (Ferrara) ,1127-4476,italenisch,14/15 (2011)
A,Annuaire des Arachnologistes Mondiaux,Centre International de Documentation Arachnologique,0066-2739,französisch,14 (2001)
A,Annual / Endangered Wildlife Trust,Endangered Wildlife Trust,1022-1115,englisch,17 (2009)
A,Annual Report / Chicago Zoological Society,Chicago Zoological Society - Brookfield Zoo,keine ISSN,englisch,2010
A,Annual Report / Israel National Center,Steinhardt Museum of Natural History ,keine ISSN,englisch,2013/2014
A,Annual report / National Botanic Garden of Belgium,National Botanic Garden of Belgium,2294-9593,englisch,2012
A,Annual Report / Tour du Valat,Station Biologique de la Tour du Valat (Le Sambuc) ,1297-6571,englisch,2010 (2011)
A,Annual Report / Zoological Survey of India,Zoological Survey of India ,0537-0744,englisch,2007/08 (2008)
A,Annual Review of ecology and Systematics,,0066-4162,englisch,10 (1979)
A,Anuari Ornitològic de les Balears,Grup Balear d'Ornitologia i Defensa de la Naturalesa (GOB),1137-831x,?,22 (2007- ersch. 2008)
A,Aquarama Première revue francais d'aquariophilie et de terrariophilie,,keine ISSN,französisch,137 (1994)
A,Aquaria : schweizer. Zeitschr. für Vivaristik,,1015-4736,deutsch,7 (1960) H.1 (2 Exempl.) u. 3
A,Aquarien Terrarien,,,,35 (1988) H.9-10
A,Aquaristik aktuell,,,,1994 H.1
A,Aquaristik Fachmagazin & Aquarium heute,,1437-4854,,33 (2002) H.6
A,Aquaristik Fachmagazin & Aquarium heute,,1437-4854,,34 (2002) H.1-6
A,Aquaristik Fachmagazin & Aquarium heute,,1437-4854,,35 (2003) H.1-6
A,Aquaristik Fachmagazin & Aquarium heute,,1437-4854,,36 (2004) H.1
A,Das Aquarium,,,,12.1978 – 34.2000 komplett gebunden
A,Das Aquarium,,,,31 (2001) H.1-12
A,Das Aquarium,,,,32 (2002) H.1-12
A,Das Aquarium,,,,33 (2003) H.1-6
A,Aquarium Industry,,,,(1975) February-December
A,Aquarium Industry,,,,(1976) January-August
A,Aquarium News,,keine ISSN,englisch,(1976) March-May
A,Aquatic Insects,,0165-0424,?,22 (2000) H.1
A,Archaeopteryx,Freunde des Jura-Museums Eichstätt,0933-288X,deutsch,32 (2014)
A,Archiv für Fischereiwissenschaft,Bundesforschungsanstalt für Fischerei,0003-9063,deutsch,13 (1962) 1. Beiheft
A,Argentina,,,,20 (1970) – 32 (1972)
A,Arquivos de Zoologia,Museu de Zoologia da Universidade de São Paulo,0066-7870,?,42 (2011) H.1
A,Artenschutzreport Jena,,0940-8215,deutsch,33 (2014)
A,Articulata,DGfO,0171-4090,?,2 (1987) H.1-3
A,Articulata,DGfO,0171-4090,?,3 (1988) H. 1-5
A,Articulata,DGfO,0171-4090,?,4 (1990) H. 1
A,Articulata,DGfO,0171-4090,?,5 (1991) H. 1-2
A,Articulata,DGfO,0171-4090,?,6 (1992) H. 1-2
A,Articulata,DGfO,0171-4090,?,7 (1993) H. 1
A,Articulata,DGfO,0171-4090,?,8 (1993) H. 1-2
A,Articulata,DGfO,0171-4090,?,9 (1994) H. 1-2
A,Articulata,DGfO,0171-4090,?,10 (1995) H. 1-2
A,Articulata,DGfO,0171-4090,?,11 (1996) H. 1-2
A,Articulata,DGfO,0171-4090,?,12 (1997) H. 1-2
A,Articulata,DGfO,0171-4090,?,13 (1998) H. 1-2
A,Articulata,DGfO,0171-4090,?,14 (1999) H. 1-2
A,Articulata,DGfO,0171-4090,?,15 (2000) H. 1-2
A,Articulata,DGfO,0171-4090,?,16 (2001) H.1/2
A,Articulata,DGfO,0171-4090,?,17 (2002) H. 2
A,Articulata,DGfO,0171-4090,?,18 (2003) H. 1-2
A,Articulata,DGfO,0171-4090,?,19 (2004) H. 1-2
A,Articulata- Beihefte,DGfO,0942-7066,?,5 (1991) Beih.
A,Articulata- Beihefte,DGfO,0942-7066,?,7 (1993) Beih.
A,Articulata- Beihefte,DGfO,0942-7066,?,9 (1994) Beih. 3-4
A,Articulata- Beihefte,DGfO,0942-7066,?,10 (1995) Beih.5
A,Articulata- Beihefte,DGfO,0942-7066,?,11 (1996) Beih. 6
A,Articulata- Beihefte,DGfO,0942-7066,?,13 (1998) Beih. 7
A,Articulata- Beihefte,DGfO,0942-7066,?,15 (2000) Beih. 8+9
A,Articulata- Beihefte,DGfO,0942-7066,?,18 (2003) Beih. 10
A,Asian primates journal : a journal of the Southeast Asia- South Asia and China of the IUCN/SSC Primate Specialist Group,IUCN/SSC Primate Specialist Group,1979-1631,,1 (2008) H. 1
A,Australian Journal of Zoology,Commonwealth Scientific and Industrial Research Organization,0004-959x,englisch,61 (2013) H.5
A,Avifaunistische Mitteilungen aus dem Bezirk Leipzig,Deutscher Kulturbund. Bezirk. Bezirksfachausschuss Ornithologie (Leipzig) ,keine ISSN,deutsch,1966 - 1969
B,Baltic Journal of Coleopterology,Baltic Institute of Coleopterology,1407-8619,englisch,10 (2010) H.1
B,Beiträge zur Naturkunde Niedersachsens,Niedersächsisches Landesmuseum Hannover. Naturkundeabteilung ,0340-4277,deutsch,64 (2011) H.1/2-3
B,Beiträge zur Naturkunde Niedersachsens,Niedersächsisches Landesmuseum Hannover. Naturkundeabteilung ,0340-4277,deutsch,65 (2012) H.1-4
B,Beiträge zur Naturkunde in Osthessen,Verein für Naturkunde in Osthessen e.V.- Fulda (VNO),0342-5452,deutsch,54 (2018)
B,Beiträge zur Vogel- und Insektenwelt Ostfrieslands,,0938-8915,deutsch,48 (1991)
B,Beiträge zur Vogel- und Insektenwelt Ostfrieslands,,0938-8915,deutsch,49 (1991)
B,Bericht des Offenbacher Vereins für Naturkunde,Offenbacher Verein für Naturkunde,0343-2793,deutsch,90 (1990) – 91(1991) 
B,Bericht des Offenbacher Vereins für Naturkunde,Offenbacher Verein für Naturkunde,0343-2793,deutsch,100(2000)
B,Berichte der Naturforschenden Gesellschaft zu Freiburg,Naturforschende Gesellschaft (Freiburg im Breisgau) ,0028-0917,deutsch,82/83 (1992/1993)
B,Berichte zum Vogelschutz,Deutscher Rat für Vogelschutz e.V. und Naturschutzbund Deutschland e.V.,0944-5730,deutsch,46 (2009)
B,Berichtsband,Naturwissenschaftlicher Verin Darmstadt,0470-3979,deutsch,39/40 (2017)
B,Berichtsheft der ABO,Arbeitsgemeinschaft Bergischer Ornithologen,2510-1293,deutsch,68 (2017) H.1
B,Bioacoustics,,0952-4622,englisch,13 (2002) H.1
B,Bioacoustics,,0952-4622,englisch,14 (2004) H.2
B,Bioacoustics,,0952-4622,englisch,16 (2006) H.1
B,Biociencias,,0104-3455,portugiesisch,3 (1995) H.2
B,Biodiversity and Conservation,,0960-3115,englisch,2 (1993) H.2
B,Biofouling,,0892-7014,englisch,1 (1989) H.3
B,Bioinformatics,,1367-4803,englisch,24 (2008) H.1
B,Biological Reviews,Cambridge Philosophical Society,0006-3231,englisch,85(2010) H.4
B,Biologie in unserer Zeit,Vbio,0045-205x,?,43 (2013) H. 1
B,Biologie in unserer Zeit,Vbio,0045-205x,?,45 (2015) H.6
B,Biologie in unserer Zeit,Vbio,0045-205x,?,46 (2016) H.2
B,Biologie in unserer Zeit,Vbio,0045-205x,?,48 (2018) H. 5
B,Biologie in unserer Zeit,Vbio,0045-205x,?,1 (1964)  H-6
B,Birds New Zealand,Ornithological Society of New Zealand,2357-1586,englisch,(2015) H.7
B,Birds New Zealand,Ornithological Society of New Zealand,2357-1586,englisch,(2016) H. 9- H. 11- H.12
B,Birds New Zealand,Ornithological Society of New Zealand,2357-1586,englisch,(2017) H.13
B,Birds New Zealand,Ornithological Society of New Zealand,2357-1586,englisch,(2018) H.18- H. 19.- H. 20
B,Bird Study,British Trust for Ornithology,0006-3657,englisch,57(2010) H.1u.4
B,Bird Study,British Trust for Ornithology,0006-3657,englisch,58(2011) H.1 2.Expl.
B,Birds / Royal Society for the Protection of Birds,The Royal Society for the Protection of Birds,0006-3665,englisch,22 (2008/09) H.7
B,Boletim do Museu Paraense Emilio Goeldi,,,,5 (2010) H.2-3
B,Boletin / Museo Nacional de Historia Natural- Chile,Museo Nacional de Historia Natural (Santiago de Chile) ,0027-3910,,57 (2008) 2. Expl.
B,Boletin / Museo Nacional de Historia Natural- Chile,Museo Nacional de Historia Natural (Santiago de Chile) ,0027-3910,,58 (2009)
B,Boletín de la Real Sociedad Española de Historia Natural. Sección aula- museos y colecciones de ciencias naturales,Real Sociedad Española de Historia Natural ,2341-2674,spanisch,1 (2014)
B,Boletin de la Real Sociedad Espanola de Historia Natural- Seccion Biologica,Real Sociedad Española de Historia Natural ,0366-3272,spanisch,104 (1/4) 2010
B,Boletin de la Real Sociedad Espanola de Historia Natural- Seccion Geologica,Real Sociedad Española de Historia Natural ,0583-7510,spanisch,104 (1/4) 2010 2. Expl.
B,Boletin de la S.E.A,Sociedad Entomológica Aragonesa,1134-6094,spanisch,58 (2016)
B,Bollettino dell’Associazione Romana,,,,LXIV (2009) H. 1-4
B,Bongo,Aktien-Verein des Zoologischen Gartens zu Berlin Zoologischer Garten Berlin ,0174-4038,deutsch,40 (2010)
B,Bongo,Aktien-Verein des Zoologischen Gartens zu Berlin Zoologischer Garten Berlin ,0174-4038,deutsch,41 (2011)
B,Bongo,Aktien-Verein des Zoologischen Gartens zu Berlin Zoologischer Garten Berlin ,0174-4038,deutsch,42 (2012)
B,British Birds,,0007-0335,englisch,108 (2015) H.5- 8- 9- 10
B,Broadsheet,,,,90 (2009)
B,BSSW Report,,0936-0336,deutsch,1 (2003)
B,BSSW Report,,0936-0336,deutsch,24 (2012) H.1-2
B,Bulletin mensuel de la Société Linnéenne de Lyon,Société linnéenne de Lyon ,0366-1326,französisch,80 (2011) H. 3/4
B,Bulletin of Fish Biology,Gesellschaft für Ichthyologie ,1867-5417,deutsch- englisch,11 (2009) H.1/2
B,Bulletin of Fish Biology,Gesellschaft für Ichthyologie ,1867-5417,deutsch- englisch,12 (2010) H. 1/2
B,Bulletin of the British Ornithologists’ Club,British Ornithologists' Club,0007-1595,englisch,133 (2013) H. 1
B,Bulletin / Royal Naval Birdwatching Society, Royal Naval Birdwatching Society,keine ISSN,englisch,155 (2007)
C,Cambodian Journal of Natural History,,keine ISSN,englisch,2010 H. 1
C,Canadian Entomologist,Entomological Society of Canada,0008-347X,englisch,1 (1868) H. 3- 5- 12
C,Canadian Entomologist,Entomological Society of Canada,0008-347X,englisch,3 (1871) H. 2
C,Canadian Entomologist,Entomological Society of Canada,0008-347X,englisch,14 (1882) H. 4- 5
C,Canadian Entomologist,Entomological Society of Canada,0008-347X,englisch,15 (1883) H.3
C,Canadian Entomologist,Entomological Society of Canada,0008-347X,englisch,21 (1889) H.3
C,Canadian Entomologist,Entomological Society of Canada,0008-347X,englisch,22 (1890) H.4
C,Canadian Entomologist,Entomological Society of Canada,0008-347X,englisch,42 (1910) H. 1-12
C,Canadian Entomologist,Entomological Society of Canada,0008-347X,englisch,43 (1911) H. 1-12
C,Carnivore,Carnivore Research Institute- Burke Museaum- University of Washington,keine ISSN,englisch,2 (1979) 3
C,Ceylon Journal of Science (Biological Sciences),University of Ceylon,0069-2379,englisch,37 (2008) H. 1
C,Check-Listen Thüringer Insekten,Thüringer Entomologenverband e. V,1616-5993,deutsch,23
C,Cimbebasia,,0578-2732,englisch,15 (1966)
C,Cladistics,,0748-3007,englisch,31 (2015) H.1
C,Communications de la Faculte des Sciences de l'Universite d'Ankara. Ser. C,Ankara Üniversitesi. Fen Fakültesi ,1303-6025,französisch- englisch,22 (2010)  H.2
C,Contribuciones del MACN,Museo Argentino de Ciencias Naturales Bernardino Rivadavia e Instituto Nacional de Investigación de las Ciencias Naturales,1666-5503,?,3( 2006)
,Contribuciones del MACN,Museo Argentino de Ciencias Naturales Bernardino Rivadavia e Instituto Nacional de Investigación de las Ciencias Naturales,1666-5503,?,4 (2008)
,Contribuciones del MACN,Museo Argentino de Ciencias Naturales Bernardino Rivadavia e Instituto Nacional de Investigación de las Ciencias Naturales,1666-5503,?,7 (2017)
C,Contributions in Science,Natural History Museum of Los Angeles County,0459-8113,englisch,3 (2009)
C,Contributions in Science,Natural History Museum of Los Angeles County,0459-8113,englisch,4 (2009)
C,Copeia,American Society of Ichthyologists and Herpetologists,0045-8511,englisch,(2001 – 2011) H.1-4
C,Copeia,American Society of Ichthyologists and Herpetologists,0045-8511,englisch,(2012) H.1-3
C,Copeia,American Society of Ichthyologists and Herpetologists,0045-8511,englisch,(2014) H.4
C,Copeia,American Society of Ichthyologists and Herpetologists,0045-8511,englisch,(2017) H.5
C,Courrier de la Nature,Société Nationale de Protection de la Nature et d'Acclimatation de France,,,(1971) H.17 u.19-20
C,Courrier de la Nature,Société Nationale de Protection de la Nature et d'Acclimatation de France,,,(1972) H.21-24
C,Courrier de la Nature,Société Nationale de Protection de la Nature et d'Acclimatation de France,,,(1973) H.25-28
C,Courrier de la Nature,Société Nationale de Protection de la Nature et d'Acclimatation de France,,,(1974) H.29-34
C,Courrier de la Nature,Société Nationale de Protection de la Nature et d'Acclimatation de France,,,(1975) H.35-40
C,Courrier de la Nature,Société Nationale de Protection de la Nature et d'Acclimatation de France,,,(1976) H.41-46
C,Courrier de la Nature,Société Nationale de Protection de la Nature et d'Acclimatation de France,,,(1977) H.47-52
C,Courrier de la Nature,Société Nationale de Protection de la Nature et d'Acclimatation de France,,,(1978) H.53-58
C,Courrier de la Nature,Société Nationale de Protection de la Nature et d'Acclimatation de France,,,(1979) H.59-64
C,Courrier de la Nature,Société Nationale de Protection de la Nature et d'Acclimatation de France,,,(1980) H.65-70
C,Courrier de la Nature,Société Nationale de Protection de la Nature et d'Acclimatation de France,,,(1981) H.71-76
C,Courrier de la Nature,Société Nationale de Protection de la Nature et d'Acclimatation de France,,,(1982) H.77-82
C,Courrier de la Nature,Société Nationale de Protection de la Nature et d'Acclimatation de France,,,(1983) H.83-88
C,Courrier de la Nature,Société Nationale de Protection de la Nature et d'Acclimatation de France,,,(1984) H.89-94
C,Courrier de la Nature,Société Nationale de Protection de la Nature et d'Acclimatation de France,,,(1985) H.95-100
C,Courrier de la Nature,Société Nationale de Protection de la Nature et d'Acclimatation de France,,,(1986) H.101-106
C,Courrier de la Nature,Société Nationale de Protection de la Nature et d'Acclimatation de France,,,(1987/88) H.107-112
C,Courrier de la Nature,Société Nationale de Protection de la Nature et d'Acclimatation de France,,,(1988) H.113-117
C,Courrier de la Nature,Société Nationale de Protection de la Nature et d'Acclimatation de France,,,(1989) H.118-123
C,Courrier de la Nature,Société Nationale de Protection de la Nature et d'Acclimatation de France,,,(1990) H.124-129
C,Courrier de la Nature,Société Nationale de Protection de la Nature et d'Acclimatation de France,,,(1991) H.130
C,Courrier de la Nature,Société Nationale de Protection de la Nature et d'Acclimatation de France,,,(1991/92) H.131-136
C,Courrier de la Nature,Société Nationale de Protection de la Nature et d'Acclimatation de France,,,(1993) H.137-142
C,Courrier de la Nature,Société Nationale de Protection de la Nature et d'Acclimatation de France,,,(1994) H.143-148
C,Courrier de la Nature,Société Nationale de Protection de la Nature et d'Acclimatation de France,,,(1995) H.149-154
C,Courrier de la Nature,Société Nationale de Protection de la Nature et d'Acclimatation de France,,,(1996) H.155-160
C,Courrier de la Nature,Société Nationale de Protection de la Nature et d'Acclimatation de France,,,(1997) H.161-167
C,Courrier de la Nature,Société Nationale de Protection de la Nature et d'Acclimatation de France,,,(1998) H.168-174
C,Courrier de la Nature,Société Nationale de Protection de la Nature et d'Acclimatation de France,,,(1999) H.175-181
C,Courrier de la Nature,Société Nationale de Protection de la Nature et d'Acclimatation de France,,,(2000) H.182-188
C,Courrier de la Nature,Société Nationale de Protection de la Nature et d'Acclimatation de France,,,(2001) H.189-195
C,Courrier de la Nature,Société Nationale de Protection de la Nature et d'Acclimatation de France,,,(2002) H.196-202
C,Courrier de la Nature,Société Nationale de Protection de la Nature et d'Acclimatation de France,,,(2003) H.203-209
C,Courrier de la Nature,Société Nationale de Protection de la Nature et d'Acclimatation de France,,,(2004) H.210-216
C,Courrier de la Nature,Société Nationale de Protection de la Nature et d'Acclimatation de France,,,(2005) H.217-223
C,Courrier de la Nature,Société Nationale de Protection de la Nature et d'Acclimatation de France,,,(2006) H.224-230
C,Courrier de la Nature,Société Nationale de Protection de la Nature et d'Acclimatation de France,,,(2007) H.231-236
C,Courrier de la Nature,Société Nationale de Protection de la Nature et d'Acclimatation de France,,,(2008) H.237-239
D,Dansk Ornitologisk Forenings Tidsskrift,Dansk Ornitologisk Forening,0011-6394,dänisch,111 (2017) H.1
D,DATZ,Deutscher Vereine für Aquarien- und Terrarienkunde,0723-4066,deutsch,2 (1949 – 1961) komplett gebunden
D,DATZ,Deutscher Vereine für Aquarien- und Terrarienkunde,0723-4066,deutsch,21 (1968) komplett gebunden
D,DATZ,Deutscher Vereine für Aquarien- und Terrarienkunde,0723-4066,deutsch,(1971 – 1998) komplett gebunden
D,DATZ,Deutscher Vereine für Aquarien- und Terrarienkunde,1616-3222,deutsch,(1971 – 1998) komplett gebunden
D,DATZ,Deutscher Vereine für Aquarien- und Terrarienkunde,1616-3222,deutsch,(1999 – 2001) komplett ungebunden
D,DATZ,Deutscher Vereine für Aquarien- und Terrarienkunde,1616-3222,deutsch,(2002) H.1- 7- 8- 11- 12
D,DATZ,Deutscher Vereine für Aquarien- und Terrarienkunde,1616-3222,deutsch,(2003) H.1
D,DATZ,Deutscher Vereine für Aquarien- und Terrarienkunde,1616-3222,deutsch,(2012) H. 5 - 10
D,DCG-Informationen,Deutsche Cichliden-Gesellschaft,0724-7435,deutsch,23 (1992) H. 1 - 34(2003) H. 6
D,DCG-Informationen,Deutsche Cichliden-Gesellschaft,0724-7435,deutsch,42 (2011) H.8-9
D,Deutsche Entomologische Zeitschrift,Deutsche Entomologische Gesellschaft,1435-1951,deutsch,17(1970) H.4/5
D,Deutsche Entomologische Zeitschrift,Deutsche Entomologische Gesellschaft,1435-1951,deutsch,53(2006) H. 1
D,Deutsche Entomologische Zeitschrift,Deutsche Entomologische Gesellschaft,1435-1951,deutsch,56(2009) H. 2
D,Deutsche Entomologische Zeitschrift,Deutsche Entomologische Gesellschaft,1435-1951,deutsch,57(2010) H.1-2
D,Deutsche Entomologische Zeitschrift,Deutsche Entomologische Gesellschaft,1435-1951,deutsch,58(2011) H.1-2
D,Deutsche Entomologische Zeitschrift,Deutsche Entomologische Gesellschaft,1435-1951,deutsch,59 (2012) H.1-2
D,DGaaE-Nachrichten,Deutsche Gesellschaft für allgemeine und angewandte Entomologie,0931-4873,deutsch,20 (2006) H.1
D,DGaaE-Nachrichten,Deutsche Gesellschaft für allgemeine und angewandte Entomologie,0931-4873,deutsch,23 (2009) H.3
D,Dissertationen der Mathematisch-Naturwissenschaftlichen Fakultät (Münster),Westfälische Wilhelms-Universität Münster. Mathematisch-Naturwissenschaftliche Fakultät ,0373-1529,,116 (1986)
D,Doriana,"Museo Civico di storia naturala ""G. Doria""",0417-9927,,8 (2013) H. 382
D,Draußen,,,,34 „Spessart“
D,DUH-Welt : das Magazin der Deutschen Umwelthilfe,Deutsche Umwelthilfe,keine ISSN,,4 (2015)
E,Eberswalder forstliche Schriftenreihe,Ministerium für Infrastruktur und Landwirtschaft des Landes Brandenburg- Landesbetrieb Forst Brandenburg,keine ISSN,deutsch, 42 (2009)
E,Ecología en Bolivia : revista del Instituto de Ecología,,1605-2528,spanisch,43 (2008) H. 1- H.2
E,Ecología en Bolivia : revista del Instituto de Ecología,,1605-2528,spanisch,44 (2009) H.1
E,Ecotropica,Deutsche Gesellschaft für Tropenökologie ,0949-3026,englisch,19 (2013) H.1-2
E,Ecotropical Monographs,Deutsche Gesellschaft für Tropenökologie ,keine ISSN,englisch,1 (2001) – 3 (2003)
E,Egretta,Bird-Life Österreich,0013-2373,deutsch,53 (2014)
E,Eis Weiss,,,,1980-2005
E,Elaphe,Deutsche Gesellschaft für Herpetologie und Terrarienkunde ,0943-2485,deutsch,3 (1995)
E,Elaphe,Deutsche Gesellschaft für Herpetologie und Terrarienkunde ,0943-2485,deutsch,2 (1997)
E,Elaphe,Deutsche Gesellschaft für Herpetologie und Terrarienkunde ,0943-2485,deutsch,4 (2002)
E,Elytra,Nihon Kōchū Gakkai,2185-6885,japanisch- englisch,36 (2008) H.1  2 Expl.
E,Elytron,European Association of Coleopterology,0214-1353,?,17/18 (2003/04)
E,Entomologia generalis,,0340-2266,deutsch,31 (2008) H.2
E,Entomologica Romanica,Romanian Lepidopterological Society,1224-2594,rumänisch- deutsch- englisch,10 (2005)
E,Entomologische Blätter,Naturhistorischer Verein der Rheinlande und Westfalens ,0013-8835,deutsch,25 (1929) H. 1
E,Entomologische Blätter,Naturhistorischer Verein der Rheinlande und Westfalens ,0013-8835,deutsch,208 (2012)
E,Entomologische Blätter,Naturhistorischer Verein der Rheinlande und Westfalens ,0013-8835,deutsch,209 (2013)
E,Entomologische Blätter,Naturhistorischer Verein der Rheinlande und Westfalens ,0013-8835,deutsch,210 (2014)
E,Entomologische Blätter,Naturhistorischer Verein der Rheinlande und Westfalens ,0013-8835,deutsch,111 (2015)
E,Entomologische Blätter,Naturhistorischer Verein der Rheinlande und Westfalens ,0013-8835,deutsch,112 (2016) H.1-2
E,Entomologische Mitteilungen aus dem Zoologischen Museum Hamburg,Zoologisches Institut und Zoologisches Museum (Hamburg) ,0044-5223,deutsch,180 (2009)
E,Entomologische Zeitschrift mit Insektenbörse,Internationaler Entomologischer Verein ,0013-8843,deutsch,93 (1987) H. 1- 2- 3- 4- 7- 8- 9- 12- 14- 16- 17- 20- 21- 24
E,Entomologische Zeitschrift mit Insektenbörse,Internationaler Entomologischer Verein ,0013-8843,deutsch,94 (1988) H. 1-5- 7-16- 18-24
E,Entomologische Zeitschrift mit Insektenbörse,Internationaler Entomologischer Verein ,0013-8843,deutsch,95 (1999) H. 1- 2- 4- 6-24
E,Entomologische Zeitschrift mit Insektenbörse,Internationaler Entomologischer Verein ,0013-8843,deutsch,96 (1986) H. 1-19- 21-22
E,Entomologische Zeitschrift mit Insektenbörse,Internationaler Entomologischer Verein ,0013-8843,deutsch,97 (1987) H. 1-4- 7-9- 12- 14- 16- 17- 20- 21- 24
E,Entomologische Zeitschrift mit Insektenbörse,Internationaler Entomologischer Verein ,0013-8843,deutsch,98 (1988) H. 3- 7- 9- 13- 15- 18- 20- 21
E,Entomologische Zeitschrift mit Insektenbörse,Internationaler Entomologischer Verein ,0013-8843,deutsch,99 (1989) H. 1-3- 7- 9-14- 20- 23-24
E,Entomologische Zeitschrift mit Insektenbörse,Internationaler Entomologischer Verein ,0013-8843,deutsch,100 (1990) H. 1-3- 6- 7- 9-11- 14-18- 20- 23- 24
E,Entomologische Zeitschrift mit Insektenbörse,Internationaler Entomologischer Verein ,0013-8843,deutsch,101 (1991) H. 6- 13- 16- 17
E,Entomologische Zeitschrift mit Insektenbörse,Internationaler Entomologischer Verein ,0013-8843,deutsch,102 (1992) H.1/2- 4-8- 12-21- 23- 24
E,Entomologische Zeitschrift mit Insektenbörse,Internationaler Entomologischer Verein ,0013-8843,deutsch,103 (1993) H.1-20- 22-24
E,Entomologische Zeitschrift mit Insektenbörse,Internationaler Entomologischer Verein ,0013-8843,deutsch,104 (1994) H. 3- 5- 7- 8- 11- 14-17- 19- 22- 23
E,Entomologische Zeitschrift mit Insektenbörse,Internationaler Entomologischer Verein ,0013-8843,deutsch,105 (1995) H. 4-7- 9-17- 19- 21-24
E,Entomologische Zeitschrift mit Insektenbörse,Internationaler Entomologischer Verein ,0013-8843,deutsch,106 (1996) H. 2-4- 6-7- 9-12
E,Entomologische Zeitschrift mit Insektenbörse,Internationaler Entomologischer Verein ,0013-8843,deutsch,107 (1997) H. 1-6
E,Entomologische Zeitschrift mit Insektenbörse,Internationaler Entomologischer Verein ,0013-8843,deutsch,108 (1998) H. 1-8- 10- 11
E,Entomologische Zeitschrift mit Insektenbörse,Internationaler Entomologischer Verein ,0013-8843,deutsch,109 (1999) H. 3-7- 9-12
E,Entomologische Zeitschrift mit Insektenbörse,Internationaler Entomologischer Verein ,0013-8843,deutsch,124 (2014) H. 4
E,Entomologische Zeitung,Entomologischer  Verein zu Stettin,keine ISSN,deutsch, 27 (1866) gebunden
E,Entomologisk Tidskrift,Entomologiska Föreningen i Stockholm ,0013-886X,schwedisch,131(2010) H.1
E,Entomologisk Tidskrift,Entomologiska Föreningen i Stockholm ,0013-886X,schwedisch,1333 (2012) H. 3
E,The Entomologist,,,englisch,10.1887
E,Entomon- internationale Zeitschrift für die gesamte Insektenkunde,,keine ISSN,deutsch,1.1949-1
E,Entomon- internationale Zeitschrift für die gesamte Insektenkunde,,keine ISSN,deutsch,1.1949-2 (2 Exempl.)
E,Environment- people and conservation in Africa,,keine ISSN,englisch,2009 H. 1
E,Environment- people and conservation in Africa,,keine ISSN,englisch,2010 H. 2
E,EOS Revista Espanola de entomologia,Consejo Superior de Investigaciones Científicas- Instituto Español de Entomología,0013-9440,spanisch,53 (1979) 1-4
E,Ethology Ecology and Evolution,Università degli Studi di Firenze- Dipartimento di Biologia Animale e Genetica,0394-9370,englisch,1 (1989) H.1
E,Eulen Rundblick,Dt. Arbeitsgemeinschaft zum Schutz der Eulen,0943-6928,deutsch,61 (2011)
F,Fauna norvegica,,1502-4873,englisch,29 (2009)
,Fauna norvegica,,1502-4873,englisch,36 (2016)
F,Fauna und Flora in Rheinland-Pfalz,Gesellschaft für Naturschutz und Ornithologie Rheinland-Pfalz e.V.,0938-7684,deutsch,(2008) Beiheft 39
F,Field Notes,,,,49 (1995) H.4
F,Fischökologie Aktuell,,0935-9028,deutsch,(1991) H.4
F,Folia entomologica hungarica,Museum Historico-Naturale Hungaricum,0373-9465,?,72 (2011)
F,Folia entomologica hungarica,Museum Historico-Naturale Hungaricum,0373-9465,?,73 (2012)
F,Folia Zoologica,,,,63 (2014) H.4
F,Fragmenta Palaeontologica Hungarica,Hungarian Natural History Museum,1586-930X,englisch,32 (2015)
F,Freunde des Kölner Zoo,Kölner Zoo,0532-6958,deutsch,1 (1958) H.3/4
F,Freunde des Kölner Zoo,Kölner Zoo,0532-6958,deutsch,2 (1959) H.1-4
F,Freunde des Kölner Zoo,Kölner Zoo,0532-6958,deutsch,4 (1961) H.1u.3
F,Freunde des Kölner Zoo,Kölner Zoo,0532-6958,deutsch,5 (1962) H.1u.3-4
F,Freunde des Kölner Zoo,Kölner Zoo,0532-6958,deutsch,6 (1963) H.3-4
F,Freunde des Kölner Zoo,Kölner Zoo,0532-6958,deutsch,7 (1964) H.2
F,Freunde des Kölner Zoo,Kölner Zoo,0532-6958,deutsch,8 (1965) H.2
F,Freunde des Kölner Zoo,Kölner Zoo,0532-6958,deutsch,9 (1966) H.2u.4
F,Fugle i Felten,Dansk Ornitologisk Forening,1395-8879,dänisch,16 (2010) H.1
F,Fugle & natur,Dansk Ornitologisk Forening,0107-3729,,(2015) H. 2
F,Fugle & natur,Dansk Ornitologisk Forening,0107-3729,,(2016) H.1
G,Gabar,Journal of the Raptor Conversation Group,keine ISSN,englisch,25 (2015) H.2
G,Galapagos Research,Charles Darwin Foundation for the Galapagos Islands,1390-2830,?,67 (2010)
G,Gayana botanica / Facultad de Ciencias Naturales y Oceanograficas- Universidad de Concepcion,Facultad de Ciencias Naturales y Oceanograficas- Universidad de Concepcion,0016-5301,,66 (2009) H. 1
G,GBE - Genome biology and evolution,publ. on behalf of the Society of Molecular Biology and Evolution,1759-6653,englisch,Selected Papers 2010 -2011
G,Gefiederte Welt,,1866-3400,deutsch,137 (2012) H.2
G,Gefiederte Welt,,1866-3400,deutsch,138 (2014) H.3
G,Genome Biology and Evolution ,,,,2010-2011
G,Genus,,,,20 (2009) H.2
G,German Fisheries,,,,(1993) H.1 2 Expl.
G,Gortania / Geologia,Museo Friulano di Storia Naturale- Udine,2038-0410,italenisch,35 (2013)
G,Gortania / Botanica,Museo Friulano di Storia Naturale- Udine,2038-0402,italenisch,35 (2013)
G,Graduate Studies Texas Tech University,Texas Tech University ,keine ISSN,englisch,(1972) H. 1
G,Gredleriana,Naturmuseum Südtirol,1593-5205,deutsch,1 (2001)
G,Grünenthal Waage- Die,Chemie Grünenthal GmbH (Stolberg (Rhld.)) ,keine ISSN,deutsch,4 (1965) H.1-4
H,Hamburger avifaunistische Beiträge,Förderverein Tierartenschutz in Norddeutschland in Zusammenarbeit mit dem Arbeitskreis Vogelschutzwarte Hamburg,0340-5168,deutsch,36 (2009)
H,Helgoländer wissenschaftliche Meeresuntersuchungen,Biologische Anst. Helgoland,0017-9957,deutsch,2 (1939/42)- H.1-3
H,Helgoländer wissenschaftliche Meeresuntersuchungen,Biologische Anst. Helgoland,0017-9957,deutsch,4 (1952/53) H. 1-3
H,Helgoländer wissenschaftliche Meeresuntersuchungen,Biologische Anst. Helgoland,0017-9957,deutsch,31 (1978) H. 1/2-4
H,Herpetologica,Herpetologists' League,0018-0831,englisch,64 (2008) H. 4
H,Herpetologica,Herpetologists' League,0018-0831,englisch,70 (2014) H.1
H,Herpetological Bulletin,,0260-5805,englisch,(2013) H. 123-126
H,Herpetological Bulletin,,0260-5805,englisch,(2015) H. 134
H,Herpetological Journal,British Herpetological Society,0268-0130,englisch,25 (2015) H.4
H,Herpetological Review,Society for the Study of Amphibians and Reptiles,0018-084X,englisch,43 (2012) H.2
H,Herpetological Review,Society for the Study of Amphibians and Reptiles,0018-084X,englisch,44 (2013) H. 4
H,Herpinstance,Madras Crocodile Bank Trust,keine ISSN,?,2 (2005) H. 2
H,Hessische faunistische Briefe,Naturwissenschaftlicher Verin Darmstadt,0439-0687,deutsch,29 (2010)
H,Hessische faunistische Briefe,Naturwissenschaftlicher Verin Darmstadt,0439-0687,deutsch,64 (2016) H. 1-3
H,Heteropteron,Arbeitsgruppe Mitteleuropäischer Heteropterologen,1432-3761,deutsch,(2015) H. 43
H,Honeyguide,Ornithological Association of Zimbabwe,0018-456x,?,44 (1998) H.2-4
H,Honeyguide,Ornithological Association of Zimbabwe,0018-456x,?,45 (1999) H.1-2
H,Honeyguide,Ornithological Association of Zimbabwe,0018-456x,?,62 (2016) H.2
H,Humboldt Kosmos,Alexander von Humboldt-Stiftung ,0344-0354,deutsch- english,(2009) H.94
H,Humboldt Kosmos,Alexander von Humboldt-Stiftung ,0344-0354,deutsch- english,(2012) H.99
H,Humboldt Kosmos,Alexander von Humboldt-Stiftung ,0344-0354,deutsch- english,(2013) H.100
H,Humboldt Kosmos,Alexander von Humboldt-Stiftung ,0344-0354,deutsch- english,(2014) H.103
H,Humboldt Kosmos,Alexander von Humboldt-Stiftung ,0344-0354,deutsch- english,(2016) H.105-106
H,Humboldt Kosmos,Alexander von Humboldt-Stiftung ,0344-0354,deutsch- english,(2017) H.107
I,Iberis,The Scientific Journal of the Gibraltar Ornithological and Natural History Society,keine ISSN,,1 (2005)
I,Ibis,,,,159 (2017) H.4
I,Ichthyological Explorations of Freshwaters,,0936-9902,englisch,11 (2000) bis 23 (2012) H.1
I,Iheringia : Ser. Zoologia,Museu de Ciências Naturais da Fundação Zoobotânica do Rio Grande do Sul,0073-4721,?,99 (2009) H.2-3
I,Indian Birds,New Ornis Foundation India,0973-1407,englisch,6 (2010) H. 4/5 (special issue: Gujarat)
I,Insecta,Naturschutzbund Deutschland e.V.,1431-9721,deutsch,(2011) H.13 2. Expl.
I,Insect Conservation and Diversity,Royal Entomological Society,1752-458X,englisch,1 (2008) H.4
I,Insectes sociaux,,,,40 (1993) H.3
I,Insect Systematics and Evolution,,1399-560x,englisch,33 (2002) H. 3  2. Expl.
I,Insect Systematics and Evolution,,1399-560x,englisch,49 (2018) H. 4
I,Insektenmigrationen ,Zoologisches Forschungsinstitut und Museum Alexander König,keine ISSN,deutsch,(1972) H.1 2. Expl.
I,Insektenmigrationen ,Zoologisches Forschungsinstitut und Museum Alexander König,keine ISSN,deutsch,(1973) H.2
I,Ínsula : boletim do Horto Botânico ,Universidade Federal de Santa Catarina- Centro de Estudos Básicos- Departamento de Biologia- Divisão de Botânica,1019554,spanisch,36 (2007)
I,Ínsula : boletim do Horto Botânico ,Universidade Federal de Santa Catarina- Centro de Estudos Básicos- Departamento de Biologia- Divisão de Botânica,1019554,spanisch,37 (2008)
I,Israel Journal of Entomology,Israel Society of Entomology,0075-1243,englisch,41-42 (2011-2012)
I,Izvestija Akademii Nauk Respubliki Kazachstan,,,,6 (2015)
J,Jahresbericht / Arbeitsgemeinschaft Wanderfalkenschutz des NABU NRW,NABU,2510-4950,deutsch,2014
J,Jahresbericht / Biologische Anstalt Helgoland,Biologische Anstalt Helgoland,0344-6573,deutsch,1973 (1974)
J,Jahresbericht ... des Landesamtes für Umwelt- Wasserwirtschaft und Gewerbeaufsicht Rheinland-Pfalz,Landesamte für Umwelt- Wasserwirtschaft und Gewerbeaufsicht Rheinland-Pfalz,keine ISSN,deutsch,2006
J,Jahresbericht / Landesamt für Natur und Umweltsch… NRW,,,,2014
J,Jahresbericht / Landesamt für Natur und Umweltsch… NRW,,,,2015
,Jahresbericht / Landesamt für Natur und Umweltsch… NRW,,,,2017
J,Jahresbericht = Annual report / Museum für Naturkunde Berlin,Leibniz-Institut für Evolutions- und Biodiversitätsforschung ,1868-6664,deutsch,2007
J,Jahresberichte des Naturwissenschaftlichen Vereins in Wuppertal,Naturwissenschaftlicher Verein Wuppertal ,0547-9789,deutsch,33 (1980)
J,Jahresbericht / Tierpark Berlin Friedrichsfelde, Tierpark Berlin Friedrichsfelde,keine ISSN,deutsch,2012
J,Jahresbericht / Tierpark Berlin Friedrichsfelde, Tierpark Berlin Friedrichsfelde,keine ISSN,deutsch,2014
J,Jahresbericht ZFMK,Zoologisches Forschungsinstitut und Museum Alexander Koenig,keine ISSN,deutsch,2000
J,Jahrbuch / Deutsches Meeresmuseum,Deutsches Meeresmuseum Stralsund,2568-4760,deutsch,2015/2016 2 Exempl.
J,Japanese Journal of Ichthyology,Nihon Gyorni Gakkai,0021-5090,japanisch- englisch,53 (2006) H. 2
J,Journal of Biogeography,,0305-0270,englisch,17 (1990) H. 4/5
J,Journal of Comperative Physiology A,,0340-7594,englisch,172 (1993) 3
J,Journal of Economic Biology,,keine ISSN,englisch,4 (1912) H.1-4
J,Journal of Entomology and Zoology,Pomona College- Department of Zoology,0095-8530,englisch,5 (1913) H.1-4
J,Journal of Entomology and Zoology,Pomona College- Department of Zoology,0095-8530,englisch,9 (1917) H.4
J,Journal of Entomology and Zoology,Pomona College- Department of Zoology,0095-8530,englisch,11 (1919) H.2-3
J,Journal of Entomology and Zoology,Pomona College- Department of Zoology,0095-8530,englisch,15 (1923) H.1
J,Journal of Entomology and Zoology,Pomona College- Department of Zoology,0095-8530,englisch,16 (1924) H.1
J,Journal of Field Ornithology,Northeastern Bird-Banding Association - Eastern Bird-Banding Association - Inland Bird-Banding Association,0273-8570,englisch,80 (2009) H. 1
J,Journal of Herpetology,Society for the Study of Amphibians and Reptiles,0022-1511,englisch,44 (2010) H.4
J,Journal of Herpetology,Society for the Study of Amphibians and Reptiles,0022-1511,englisch,46 (2012) H.2
J,Journal of Herpetology,Society for the Study of Amphibians and Reptiles,0022-1511,englisch,47 (2013) H.4
J,Journal of Hymenoptera Research,International Society of Hymenopterists,1314-2607,englisch,11 (2002) H.1-2
J,Journal of Hymenoptera Research,International Society of Hymenopterists,1314-2607,englisch,12 (2003) H.1
J,Journal of Mammalogy,American Society of Mammalogists,0022-2372,englisch,95 (2014) H.1
J,Journal of the Entomological Research Society,Gazi Entomological Research Society,1302-0250,englisch,19 (2017) H. 1
J,Journal of the Research Faculty of Agriculture / Insecta Matsumurana,,,,New series 71
J,Journal of vertebrate Paleontology,School of Geology and Geophysics- University of Oklahoma,0272-4634,englisch,30 (2010) H. 6
J,Journal of Zoology,Zoological Society of London,0022-5460,englisch,278 (2009) H. 4
J,Jubiläumsbericht / Vogelkundliche Beobachtungsstation Untermain,,keine ISSN,deutsch,22 (1948/49)
J,Julius - Kühn - Archiv,Julius Kühn-Institut,1868-9892,,461 (2018)
J,Jubiläumsbericht / Vogelkundliche Beobachtungsstation Untermain,Vogelkundliche Beobachtungsstation Untermain der Staatlichen Vogelwarte Helgoland e.V.,keine ISSN,d,(1989) H. 3
K,Kenya Past and Present,Kenya Museum Society,0257-8301,englisch,39 (2011)
L,Landschaftspflege und Naturschutz in Thüringen,Thüringer Landesanstalt für Umwelt und Geologie,0323-8253,deutsch,51 (2014) H. 1
L,Latridiidae : Mitteilungsblatt für Systematik und Taxonomie der Latridiidae (Insecta: Coleoptera),,1613-2440,deutsch,2 (2004)
L,Latridiidae : Mitteilungsblatt für Systematik und Taxonomie der Latridiidae (Insecta: Coleoptera),,1613-2440,deutsch,4 (2004)
L,Lepidoptera science,,0024-0974,englisch,66 (2015) H. 3/4
,Lepidoptera science,,0024-0974,englisch,67 (2016) H 2
L,Limosa,Orgaan der Club van Nederlandsche Vogelkundigen,0024-3620,deutsch,84 (2011) H.3
L,LÖBF-Mitteilungen,Landesanstalt für Ökologie- Landschaftsentwicklung und Forstplanung Nordrhein-Westfalen,0177-7785,deutsch,3 (1994) 2 Expl.
L,LÖBF-Mitteilungen,Landesanstalt für Ökologie- Landschaftsentwicklung und Forstplanung Nordrhein-Westfalen,0177-7785,deutsch,4 (2003)
L,Lubuski Przeglad Przyrodniczy,Muzeum Regionalne W Świebodzinie,keine ISSN,polnisch,1 (1990) H.1-4
L,Lubuski Przeglad Przyrodniczy,Muzeum Regionalne W Świebodzinie,keine ISSN,polnisch,2 (1991) H.1
M,MAK und BAT-Werte Liste,Deutsche Forschungsgemeinschaft- Ständige Senatskommission zur Prüfung Gesundheitsschädlicher Arbeitsstoffe,0417-1810,deutsch,(2015) H. 51
M,MAK und BAT-Werte Liste,Deutsche Forschungsgemeinschaft- Ständige Senatskommission zur Prüfung Gesundheitsschädlicher Arbeitsstoffe,0417-1810,deutsch,(2018) H. 54
M,Mailmbus,,,,35 (2013) H. 1- 2
M,Mammalian Biology,Deutsche Gesellschaft für Säugetierkunde,1616-5047,englisch,80 (2015) H. 6
M,Mammalian Biology,Deutsche Gesellschaft für Säugetierkunde,1616-5047,englisch,81 (2016) H. 4
M,Mammalian Biology,Deutsche Gesellschaft für Säugetierkunde,1616-5047,englisch,84 (2017)- 2 Expl. 
M,Mammalian Biology,Deutsche Gesellschaft für Säugetierkunde,1616-5047,englisch,87 (2017)
M,Manuals del museu ,Museu de Ciències Naturals de Barcelona,2014-9271,spanisch,1 (2012)
M,Maritime Angelegenheiten und Fischerei in Europa,Europäische Kommission- Generaldirektion Maritime Angelegenheiten und Fischerei,2315-2583,deutsch,74 (2017)
M,Mauritiana,Mauritianum- Naturkundliches Museum,0233-173X,deutsch,23 (2012)
M,Maus,Arbeitsgruppe Wildlebende Säugetiere (AGWS) Baden-Württemberg e.V. (AGWS),0940-807X,deutsch,20 (2017)
M,Memorie,Associazione Naturalistica Piemontese,1971-8209,italenisch,8 (2007)
M,Miscelanea,,,,128 (2012)
M,Miscelanea,,,,129 (2012)
M,Miscelanea,,,,130 (2012)
M,Miscelanea,,,,131 (2012)
M,Miscelanea,,,,132 (2013)
M,Mitteilungen Namibia Wissenschaftliche Gesellschaft,Namibia Scientific Society,0036-2069,deutsch- englisch,50 (2009) H.5/8
M,Mitteilungen aus dem Haus der Natur,Haus der Natur und Forschung,keine ISSN,deutsch,18 (2010)
M,Mitteilungen aus der NNA,Alfred-Toepfer-Akademie für Naturschutz,0938-9903,deutsch,(2009) H.2
M,Mitteilungen der Arbeitsgemeinschaft Rheinischer Koleopterologen,Arbeitsgemeinschaft Rheinischer Koleopterologen ,0939-7736,deutsch,6 (2006) H. 3/4 2 Expl.
M,Mitteilungen der Arbeitsgemeinschaft Rheinischer Koleopterologen,Arbeitsgemeinschaft Rheinischer Koleopterologen ,0939-7736,deutsch,7 (1997) H. 3/4
M,Mitteilungen der Arbeitsgemeinschaft Rheinischer Koleopterologen,Arbeitsgemeinschaft Rheinischer Koleopterologen ,0939-7736,deutsch,8 (1998) H.2- 3/4
M,Mitteilungen der Arbeitsgemeinschaft Rheinischer Koleopterologen,Arbeitsgemeinschaft Rheinischer Koleopterologen ,0939-7736,deutsch,9 (1999) H.1/2- 3/4
M,Mitteilungen der Arbeitsgemeinschaft Rheinischer Koleopterologen,Arbeitsgemeinschaft Rheinischer Koleopterologen ,0939-7736,deutsch,10 (2000) H.1- 2
M,Mitteilungen der Arbeitsgemeinschaft Rheinischer Koleopterologen,Arbeitsgemeinschaft Rheinischer Koleopterologen ,0939-7736,deutsch,11 (2001) H.1 (3 Expl.)- 2 (2 Expl.)- 3- 4 (2 Expl.)
M,Mitteilungen der Arbeitsgemeinschaft Rheinischer Koleopterologen,Arbeitsgemeinschaft Rheinischer Koleopterologen ,0939-7736,deutsch,12 (2002) H.1- 2- 3/4 (je 2 Expl.)
M,Mitteilungen der Arbeitsgemeinschaft Rheinischer Koleopterologen,Arbeitsgemeinschaft Rheinischer Koleopterologen ,0939-7736,deutsch,13 (2003) H.1
M,Mitteilungen der Arbeitsgemeinschaft Rheinischer Koleopterologen,Arbeitsgemeinschaft Rheinischer Koleopterologen ,0939-7736,deutsch,14 (2004) H.1/2- 3/4
M,Mitteilungen der Arbeitsgemeinschaft Rheinischer Koleopterologen,Arbeitsgemeinschaft Rheinischer Koleopterologen ,0939-7736,deutsch,15 (2005) H.1/2- 3/4 (je 2 Expl.)
M,Mitteilungen der Arbeitsgemeinschaft Rheinischer Koleopterologen,Arbeitsgemeinschaft Rheinischer Koleopterologen ,0939-7736,deutsch,16 (2006) H.1/2 (2 Expl.)
M,Mitteilungen der Arbeitsgemeinschaft Rheinischer Koleopterologen,Arbeitsgemeinschaft Rheinischer Koleopterologen ,0939-7736,deutsch,17 (2007) H.1-2-3-4
M,Mitteilungen der Arbeitsgemeinschaft Rheinischer Koleopterologen,Arbeitsgemeinschaft Rheinischer Koleopterologen ,0939-7736,deutsch,18 (2008) H.1-4
M,Mitteilungen der Arbeitsgemeinschaft Rheinischer Koleopterologen,Arbeitsgemeinschaft Rheinischer Koleopterologen ,0939-7736,deutsch,19 (2009) H.1-4
M,Mitteilungen der Arbeitsgemeinschaft Rheinischer Koleopterologen,Arbeitsgemeinschaft Rheinischer Koleopterologen ,0939-7736,deutsch,20 (2010) H.1-4
M,Mitteilungen der Arbeitsgemeinschaft Rheinischer Koleopterologen,Arbeitsgemeinschaft Rheinischer Koleopterologen ,0939-7736,deutsch,31 (2015) H.1
M,Mitteilungen der Deutschen Gesellschaft für allgemeine und angewandte Entomologie,Deutsche Gesellschaft für Allgemeine und Angewandte Entomologie ,0344-9084,deutsch, 1 (1978) H.1
M,Mitteilungen der Deutschen Gesellschaft für allgemeine und angewandte Entomologie,Deutsche Gesellschaft für Allgemeine und Angewandte Entomologie ,0344-9084,deutsch, 6 (1988) H.1-3
M,Mitteilungen der Deutschen Gesellschaft für allgemeine und angewandte Entomologie,Deutsche Gesellschaft für Allgemeine und Angewandte Entomologie ,0344-9084,deutsch,17 (2009) 2 Expl.
M,Mitteilungen der Deutschen zoologischen Gesellschaft,Deutsche Zoologische Gesellschaft ,0070-4342,deutsch,109 (2017)
M,Mitteilungen der Münchner Entomologischen Gesellschaft,Münchner Entomologische Gesellschaft,0340-4943,deutsch,106 (2016) Suppl.
M,Mitteilungen der Schweizerischen Entomologischen Gesellschaft,Schweizerische Entomologische Gesellschaft ,0036-7575,deutsch,55 (1982) H. 3/4
M,Mitteilungen der Schweizerischen Entomologischen Gesellschaft,Schweizerische Entomologische Gesellschaft ,0036-7575,deutsch,57 (1984) H.1-4
M,Mitteilungen der Schweizerischen Entomologischen Gesellschaft,Schweizerische Entomologische Gesellschaft ,0036-7575,deutsch,58 (1985) H.3/4
M,Mitteilungen der Schweizerischen Entomologischen Gesellschaft,Schweizerische Entomologische Gesellschaft ,0036-7575,deutsch,59 (1986) H.1/2
M,Mitteilungen des Ornithologischen Vereines in Wien,,1560-6309,deutsch,1877
M,Mitteilungen des Pfälzischen Vereins für Naturkunde Pollichia- N.F.,Pfälzischer Verein für Naturkunde- Pollichia ,keine ISSN,deutsch,2-4 (1922/1924)
M,Mitteilungen des Thüringer Entomologenverbandes e.V.,Thüringer Entomologenverband e.V.,0947-3238,deutsch,19 (2012) H. 2
M,Mitteilungen des Thüringer Entomologenverbandes e.V.,Thüringer Entomologenverband e.V.,0947-3238,deutsch,20 (2013) H. 2
M,Mitteilungen des Thüringer Entomologenverbandes e.V.,Thüringer Entomologenverband e.V.,0947-3238,deutsch,23 (2016) H. 1
M,Mitteilungen des Vereins Sächsischer Ornithologen,Verein Sächsischer Ornithologen ,0942-7872,deutsch,10 (2008) H. 2
M,Mitteilungen für sächsische Ornithologen,Verein Sächsischer Ornithologen ,0942-7872,deutsch,2016
M,Mitteilungen für sächsische Ornithologen,Verein Sächsischer Ornithologen ,0942-7872,deutsch,2017
M,Molecular Biology and Evolution,,0737-4038,englisch,25 (2008) H. 1
M,Molecular Biology and Evolution,,0737-4038,englisch,26 (2009) H.1-5 u. 7-12
M,Mondo Sotterraneo,,keine ISSN,italenisch,36 (2012) H.1-2
M,A Móra Ferenc Múzeum évkönyve = Jahrbuch des Móra Ferenc Museums- Szeged (Ungarn),,0563-0525,ungarisch,1988 (1989)
M,Museologia Scientifica,Associazione Nazionale Musei Scientifici- Orti Botanici- Giardini Zoologici Acquari,1123-265X,italenisch,1 (2007) H. 2
M,Museologia Scientifica : Memorie,Associazione Nazionale Musei Scientifici- Orti Botanici- Giardini Zoologici Acquari,1972-6848,italenisch,5 (2010)
M,Museologia Scientifica : Memorie,Associazione Nazionale Musei Scientifici- Orti Botanici- Giardini Zoologici Acquari,1972-6848,italenisch,7 (2011)
M,Museologia Scientifica : Memorie,Associazione Nazionale Musei Scientifici- Orti Botanici- Giardini Zoologici Acquari,1972-6848,italenisch,14 (2015)
M,Museologia Scientifica : Memorie,Associazione Nazionale Musei Scientifici- Orti Botanici- Giardini Zoologici Acquari,1972-6848,italenisch,16 (2017)
M,MuseumsMagazin- Das,,keine ISSN,deutsch,2010
N,Nachrichten des Naturwissenschaftlichen Museums der Stadt Aschaffenburg,Naturwissenschaftliches Museum der Stadt Aschaffenburg ,0518-8512,deutsch,106 (2002)
N,Nachrichten des Naturwissenschaftlichen Museums der Stadt Aschaffenburg,Naturwissenschaftliches Museum der Stadt Aschaffenburg ,0518-8512,deutsch,107 (2004)
N,Nachrichten des Naturwissenschaftlichen Museums der Stadt Aschaffenburg,Naturwissenschaftliches Museum der Stadt Aschaffenburg ,0518-8512,deutsch,108 (2006)
N,Nachrichten des Naturwissenschaftlichen Museums der Stadt Aschaffenburg,Naturwissenschaftliches Museum der Stadt Aschaffenburg ,0518-8512,deutsch,109 (2008) 2 Expl.
N,National Geographic,,,,155 (1979) H.4
N,National Geographic,,,,164 (1983) H.1
N,Natura,,,,85 (1994) H. 1/2
N,Natura Croatica – Suppl.,,1330-0520,latein (laut ZDB) ???,21 (2012) 2 Expl.
N,Natura Vicentina,Museo Naturalistico-Archeologico Santa Corona (Vicenza) ,1591-3791,italenisch,13 (2009)
N,Naturalia :  la vie dans la nature,,keine ISSN,französisch,1 (1953) – 123 (1963)
N,Nature (Paris),,,?,(1945) H. 3079u.3093-3102
N,Nature (Paris),,,?,(1946) H. 3103-3126 & Index
N,Nature (Paris),,,?,(1947) H. 3127-3150 & Index
N,Nature (Paris),,,?,(1948) H. 3151-3164 & Index
N,Nature (Paris),,,?,(1949) H. 3165-3176- Suppl. zu 3176 & Index
N,Nature (Paris),,,?,(1950) H. 3177-3188 & Index
N,Nature (Paris),,,?,(1951) H. 3189
N,Natur-Forschung-Museum,,,,142 (2012) H.5-6- 7-8
N,Naturhistorisches Museum Wien,,,,2007 Tagungsbericht 9.
N,Natur in NRW,Landesamt für Natur- Umwelt und Verbraucherschutz Nordrhein-Westfalen,2197-831x,deutsch,2018 H.1- H. 3
N,Natur und Kosmos,,1615-3928,deutsch,(1999) H. 3 -(1999) H. 12
N,Natur und Kosmos,,1615-3928,deutsch,(2000) H. 1- 3-8-12
N,Natur und Kosmos,,1615-3928,deutsch,(2001) H. 1 – 12
N,Natur und Kosmos,,1615-3928,deutsch,(2002) H. 1 – 12
N,Natur und Kosmos,,1615-3928,deutsch,(2003) H. 1 – 11
N,Natur und Kosmos,,1615-3928,deutsch,(2004) H. 1-7
N,Natur und Landschaft,,,,3 „Hirschkäfer“
N,Natur und Landschaft,,,,90 (2015) H.12
N,Natur und Museum,Senckenberg-Gesellschaft für Naturforschung (SGN),0028-1301,deutsch,130 (2000) H.1-6-8-12
N,Natur und Museum,Senckenberg-Gesellschaft für Naturforschung (SGN),0028-1301,deutsch,131 (2001) H.1-12
N,Natur und Museum,Senckenberg-Gesellschaft für Naturforschung (SGN),0028-1301,deutsch,132 (2002) H.1-9- 11- 12
N,Natur und Museum,Senckenberg-Gesellschaft für Naturforschung (SGN),0028-1301,deutsch,133 (2003) H.2- 10
N,Natur und Museum,Senckenberg-Gesellschaft für Naturforschung (SGN),0028-1301,deutsch,134 (2004) H.1-12
N,Natur und Museum,Senckenberg-Gesellschaft für Naturforschung (SGN),0028-1301,deutsch,135 (2005) H.1-12
N,Natur und Museum,Senckenberg-Gesellschaft für Naturforschung (SGN),0028-1301,deutsch,136 (2006) H.1-12
N,Natur und Museum,Senckenberg-Gesellschaft für Naturforschung (SGN),0028-1301,deutsch,137 (2007) H.1-12
N,Natur und Museum,Senckenberg-Gesellschaft für Naturforschung (SGN),0028-1301,deutsch,138 (2008) H.1-12
N,Natur und Museum,Senckenberg-Gesellschaft für Naturforschung (SGN),0028-1301,deutsch,139 (2009) H. 1/2
N,Natur und Wissen,Naturwissenschaftlicher verine in Hamburg,16140931,deutsch,9 (2013) H.10
N,Naturschutz heute,NABU,0934-8883,deutsch,29 (1997) H.2
N,Naturschutz heute,NABU,0934-8883,deutsch,30 (1998) H.1
N,Naturschutz heute,NABU,0934-8883,deutsch,31 (1999) H.1
N,Naturschutz im Land Sachsen-Anhalt,Hrsg. Landesamt für Umweltschutz Sachsen-Anhalt- Abteilung Naturschutz,0940-6638,deutsch,53 (2016)
N,Naturschutz und Biologische Vielfalt,Bundesamt für Naturschutz,keine ISSN,deutsch,144 (2016)
N,Naturschutz und Landschaftspflege in Brandenburg,Landesamt für Umwelt- Gesundheit und Verbraucherschutz Brandenburg (LUGV),0942-9328,deutsch,20 (2011) H.4
N,Naturwissenschaftliche Rundschau,Gesellschaft Deutscher Naturforscher und Ärzte ,0028-1050,deutsch,62 (2009) H.4
N,Natuurhistorische en andere Notities,,keine ISSN,?,(2014) H.1- 3- 4
N,NNA Bericht,,,,17.(2004) H.1
N,Neotropical Primates,IUCN/SSC Primate Specialist Group,1413-4703,englisch,15 (2008) H.1  4 Expl.- H. 2
N,Nordsee Illustrierte,,keine ISSN,deutsch,6 (1955) – 7 (1956)
N,Nordsee Illustrierte,,keine ISSN,deutsch,8 (1957)  Jan.-April
N,North-Western Journal of Zoology,,1584-9074,englisch,3 (2007)
N,North-Western Journal of Zoology,,1584-9074,englisch,4 (2008) H.2
N,North-Western Journal of Zoology,,1584-9074,englisch,5 (2009)
N,North-Western Journal of Zoology,,1584-9074,englisch,6 (2010)
N,North-Western Journal of Zoology,,1584-9074,englisch,7 (2011)
N,Noticiario mensual ,Museo Nacional de Historia Natural- Santiago,0376-2041,spanisch,360 (2008)
N,Notornis,Ornithological Society of New Zealand,0029-4470,,57 (2010) H.4
N,Notornis,Ornithological Society of New Zealand,0029-4470,,63 (2016) H.1- H.3-4
N,Notornis,Ornithological Society of New Zealand,0029-4470,,64 (2017) H.1
N,Notornis,Ornithological Society of New Zealand,0029-4470,,65 (2018) H.2- H.3- H. 4
O,Ökologie der Vögel,Kuratorium für Avifaunistische Forschung in Baden-Württemberg ,0173-0711,deutsch,32 (2010) H.1-2
O,Ökologie der Vögel,Kuratorium für Avifaunistische Forschung in Baden-Württemberg ,0173-0711,deutsch,34 (2012)
O,Österreichs Fischerei,Österreichischer Fischereiverband - Bundesamt für Wasserwirtschaft- Institut für Gewässerökologie- Fischereibiologie und Seenkunde,0029-9987,deutsch,45 (1992) H. 2/3- 10
O,Österreichs Fischerei,Österreichischer Fischereiverband - Bundesamt für Wasserwirtschaft- Institut für Gewässerökologie- Fischereibiologie und Seenkunde,0029-9987,deutsch,46 (1993) H. 5/6- 7- 11/12
O,Organisms- Diversity & Evolution,Gesellschaft für Biologische Systematik (GfBS),1439-6092,englisch,7 (2007) H. 4 2 Expl.
O,Organisms- Diversity & Evolution,Gesellschaft für Biologische Systematik (GfBS),1439-6092,englisch,8 (2008) H. 1-5 2 Expl.
O,Organisms- Diversity & Evolution,Gesellschaft für Biologische Systematik (GfBS),1439-6092,englisch,9 (2009) H.1-3 - 4-9 2 Expl.
O,Organisms- Diversity & Evolution,Gesellschaft für Biologische Systematik (GfBS),1439-6092,englisch,10 (2010) H.1-2 - 4-5
O,Organisms- Diversity & Evolution,Gesellschaft für Biologische Systematik (GfBS),1439-6092,englisch,11 (2011) H.1-2 - 4-5
O,Organisms- Diversity & Evolution,Gesellschaft für Biologische Systematik (GfBS),1439-6092,englisch,12 (2012) H.1-2 - 4-5
O,Organisms- Diversity & Evolution,Gesellschaft für Biologische Systematik (GfBS),1439-6092,englisch,13 (2013) H.1 - 4
O,Organisms- Diversity & Evolution,Gesellschaft für Biologische Systematik (GfBS),1439-6092,englisch,14 (2014) H. 1- 3-4
O,Ornis,Zeitschrift des Schweizer Vogelschutzes SVS,1018-0370,deutsch,9 (2012)
O,Ornis,Zeitschrift des Schweizer Vogelschutzes SVS,1018-0370,deutsch,6 (2014
O,Ornis fennica,Suomen Lintutieteelisen Yhdistyksen julkaisema,0030-5685,?,91 (2014) H. 2
O,Ornis hungarica,Hungarian Ornithological and Nature Conservation Society,1215-1610,?,15/16 (2008)
O,Ornis svecica,Swedish Ornithological Society,1102-6812,schwedisch- englisch,20 (2010) H. 1
O,Ornis svecica,Swedish Ornithological Society,1102-6812,schwedisch- englisch,25 (2015) H.3-4
O,Ornithological Monographs,American Ornithologists' Union,0078-6594,englisch,75
O,Ornithological Monographs,American Ornithologists' Union,0078-6594,englisch,77 (2013)
O,Ornithologische Jahreshefte für Baden-Württemberg,Ornithologische Gesellschaft Baden-Württemberg e.V.,0177-5456,deutsch,27 (2011) H.2
O,Ornitologia Neotropical,Neotropical Ornithological Society,1075-4377,portugiesisch- spanisch- englisch,23 (2012)  H. 1 + 2
O,Oryx,,0030-6053,englisch,48 (2014) H. 2
O,Osnabrücker naturwissenschaftliche Mitteilungen,,0340-4781,deutsch,35 (2009)
O,Ostrich,Suid-Afrikaanse Voėlkundige Vereniging,0030-6525,englisch,82 (2011) H.1
P,Pakistan Journal of Zoology,Zoological Society of Pakistan,0030-9923,englisch,41 (2009) H.3u.6
P,Pakistan Journal of Zoology,Zoological Society of Pakistan,0030-9923,englisch,42 (2010) H. 3u.6
P,Paläontologische Zeitschrift,Paläontologische Gesellschaft,0031-0220,deutsch,83 (2009) H. 2
P,Paläontologische Zeitschrift,Paläontologische Gesellschaft,0031-0220,deutsch,79 (2005) H.1-4
P,Paläontologische Zeitschrift,Paläontologische Gesellschaft,0031-0220,deutsch,80 (2006) H.1-4
P,Paläontologische Zeitschrift,Paläontologische Gesellschaft,0031-0220,deutsch,81 (2007) H.1-4
P,Paläontologische Zeitschrift,Paläontologische Gesellschaft,0031-0220,deutsch,82 (2008) H.1-4
P,Paläontologische Zeitschrift,Paläontologische Gesellschaft,0031-0220,deutsch,83 (2009) H.1-4
P,Paläontologische Zeitschrift,Paläontologische Gesellschaft,0031-0220,deutsch,84 (2010) H.1-4
P,Paläontologische Zeitschrift,Paläontologische Gesellschaft,0031-0220,deutsch,85 (2011) H.1-4
P,Paläontologische Zeitschrift,Paläontologische Gesellschaft,0031-0220,deutsch,86 (2012) H.1-4
P,Paläontologische Zeitschrift,Paläontologische Gesellschaft,0031-0220,deutsch,87 (2013) H.1-4
P,Paläontologische Zeitschrift,Paläontologische Gesellschaft,0031-0220,deutsch,88 (2014) H.1-4
P,Paläontologische Zeitschrift,Paläontologische Gesellschaft,0031-0220,deutsch,89 (2015) H.1-4
P,Papéis Avulsos de Zoologia,Museu de Zoologia- Universidade de São Paulo,0031-1049,portugiesisch- englisch ,52 (2012) H. 37
P,Peckiana,Senckenberg-Museum für Naturkunde Görlitz,1618-1735,deutsch,7 (2011)
P,Peckiana,Senckenberg-Museum für Naturkunde Görlitz,1618-1735,deutsch,10 (2015)
P,Physiological Entomology,Royal Entomological Society of London,0307-6962,englisch,22 (1997) H. 2
P,Phytophaga : rivista di entomologia e acarologia mediterranea ,Istituti di Entomologia Agraria de Catania e Palermo,0393-8131,italenisch,15 (2005 - 2006)
P,Pollichia- Jahresbericht der,Pollichia- Naturwissenschaftlicher Verein der Rheinpfalz ,,deutsch,1866
P,Pollichia Kurier,Verein für Naturfoschung und Landespflege e.V.,0936-9384,deutsch,34 (2018) H. 1
P,Proceedings of the Entomol. Society Washington,,,englisch,116 (2014) H. 3
P,Proceedings of the Royal Society B Biological Sciences,Royal Society of London,0080-4649,englisch,279 (2012) Num. 1732
P,Proceedings of the Russian Entomological SocietyRossijskaja Akademija Nauk ,,1605-7678,russisch,85 (2014) H. 2
P,Pro Libris,,,,1 (2014)
P,Przeglad Przyrodniczy,Lubuski Klub Przyrodników,0867-0331,polnisch,19 (2008) H.1/2
Q,Quaderni della Stazione di Ecologia,Stazione di Ecologia (Ferrara) ,0394-5782,italenisch,20 (2012)
Q,Quaderni del Museo Civico di Storia Naturale di Ferrara,,2283-6918,italenisch,1 (2013)
Q,Quaerendo : a quarterly journal from the Low Countries devoted to manuscripts and printed books,,0014-9527,englisch,48 (2018) H. 1
R,Records of the Australian Museum,Australian Museum (Sydney) ,0067-1975,englisch,62 (2010) H.1
R,Regulus,,,,(2009) H. 5
R,Regulus,,,,(2010) H.1u.4
R,Regulus,,,,(2016) H. 36
R,Revista de Agricultura,,0034-7655,?,76 (2001) H.2
R,Revista de Biologia Tropical,Universidad de Costa Rica,0034-7744,spanisch- englisch,66 (2018) H. 3
R,Revista de la Academia Canaria de Ciencias,,1130-4723,?,19 (2007) H. 3/4
R,Revue Francaise d'Entomologie,Association des Amis du Laboratoire d'Entomologie du Muséum,0375-0868,?,N.S. 7 (1985)- H. 5
R,Rheinische Heimatpflege,Verschönerungs-Vereins für das Siebengebirge,0342-1805,deutsch,49 (2012) H. 4
R,Rudolstädter naturhistorische Schriften,Thüringer Landesmuseum Heidecksburg zu Rudolstadt,0863-0844,deutsch,17 (2010)
R,Rundschreiben / Deutsche Zoologische Gesellschaft,Deutsche Zoologische Gesellschaft e.V.,1432-8631,deutsch,153 (2016)
R,Rundschreiben / Deutsche Zoologische Gesellschaft,Deutsche Zoologische Gesellschaft e.V.,1432-8631,deutsch,154 (2016)
R,Rundschreiben / Deutsche Zoologische Gesellschaft,Deutsche Zoologische Gesellschaft e.V.,1432-8631,deutsch,155 (2017)
R,Rundschreiben / Deutsche Zoologische Gesellschaft,Deutsche Zoologische Gesellschaft e.V.,1432-8631,deutsch,156 (2018)
S,Rundschreiben / Deutsche Zoologische Gesellschaft,Deutsche Zoologische Gesellschaft e.V.,1432-8631,deutsch,41 (2005) H. 3
S,Sbornik Trudov Zoologiceskogo Muzeja MGU,Archives of Zoological Museum Moscou State University,0134-8647,?,14 (1973)
S,Schriften des Naturwissenschaftlichen Vereins für Schleswig-Holstein,Naturwissenschaftlicher Verein für Schleswig-Holstein ,0077-6165,deutsch,48 (1978)
S,Schriftenreihe Naturschutz im Landkreis Gotha,Landratsamt Gotha,keine ISSN,deutsch,4 (2009)
S,Schubartiana,Arbeitsgemeinschaft Deutschsprachiger Myriapodologen,1861-0366,deutsch- englisch,1 (2005)
S,Schubartiana,Arbeitsgemeinschaft Deutschsprachiger Myriapodologen,1861-0366,deutsch- englisch,2 (2007)
S,Schubben and Slijm,,1878-8343,?,37 (2018)
S,Selbyana,,0361-185X,englisch,19 (1998) H.2
S,Seevögel,Zeitschrift des Vereins Jordsand zum Schutz der Seevögel und der Natur e.V.,0722-2947,deutsch,31 (2010) H.3
S,Senckenberg Natur- Forschung-Museum,Senckenberg-Gesellschaft für Naturforschung (SGN),2191-5911,deutsch,144 (2014) 1-2- 3-4
S,Serie Conservación de la naturaleza , Ministerio de Cultura y Educación- Fundación Miguel Lillo,0325-9625,spanisch,19 (2011)
S,Sielmanns Tierwelt,,0344-8614,deutsch,5 (1981) H.1-5
S,Sitzungsberichte der Gesellschaft Naturforschender Freunde Berlin,Gesellschaft naturforschender Freunde zu Berlin,0037-5942,deutsch,1930
S,Sitzungsberichte der Gesellschaft Naturforschender Freunde Berlin,Gesellschaft naturforschender Freunde zu Berlin,0037-5942,deutsch,1 (1961) H. 1-3
S,Sitzungsberichte der Gesellschaft Naturforschender Freunde Berlin,Gesellschaft naturforschender Freunde zu Berlin,0037-5942,deutsch,2 (1962) H. 1- H. 2- H.3- 
S,Sitzungsberichte der Gesellschaft Naturforschender Freunde Berlin,Gesellschaft naturforschender Freunde zu Berlin,0037-5942,deutsch,3 (1963) H. 1- H. 3
S,Sitzungsberichte der Gesellschaft Naturforschender Freunde Berlin,Gesellschaft naturforschender Freunde zu Berlin,0037-5942,deutsch,4 (1964) H. 1- H. 2- H. 3
S,Sitzungsberichte der Gesellschaft Naturforschender Freunde Berlin,Gesellschaft naturforschender Freunde zu Berlin,0037-5942,deutsch,5 (1965) H. 1- H. 2- H. 3
S,Sitzungsberichte der Gesellschaft Naturforschender Freunde Berlin,Gesellschaft naturforschender Freunde zu Berlin,0037-5942,deutsch,6 (1966) H. 1-3
S,Sitzungsberichte der Gesellschaft Naturforschender Freunde Berlin,Gesellschaft naturforschender Freunde zu Berlin,0037-5942,deutsch,16 (1976) H. 1- H. 2
S,Sitzungsberichte der Gesellschaft Naturforschender Freunde Berlin,Gesellschaft naturforschender Freunde zu Berlin,0037-5942,deutsch,17 (1977)
S,Sitzungsberichte der Gesellschaft Naturforschender Freunde Berlin,Gesellschaft naturforschender Freunde zu Berlin,0037-5942,deutsch,18 (1978)
S,Sitzungsberichte der Gesellschaft Naturforschender Freunde Berlin,Gesellschaft naturforschender Freunde zu Berlin,0037-5942,deutsch,23 (1983)
S,Sitzungsberichte der Gesellschaft Naturforschender Freunde Berlin,Gesellschaft naturforschender Freunde zu Berlin,0037-5942,deutsch,24 / 25 (1985) 2 Expl.
S,Sitzungsberichte der Gesellschaft Naturforschender Freunde Berlin,Gesellschaft naturforschender Freunde zu Berlin,0037-5942,deutsch,(N.F.)  27 (1987)
S,Sitzungsberichte der Gesellschaft Naturforschender Freunde Berlin,Gesellschaft naturforschender Freunde zu Berlin,0037-5942,deutsch,28 (1988)
S,Sitzungsberichte der Gesellschaft Naturforschender Freunde Berlin,Gesellschaft naturforschender Freunde zu Berlin,0037-5942,deutsch,29/30 (1990)
S,Sitzungsberichte der Gesellschaft Naturforschender Freunde Berlin,Gesellschaft naturforschender Freunde zu Berlin,0037-5942,deutsch,31 (1991)
S,Sitzungsberichte der Gesellschaft Naturforschender Freunde Berlin,Gesellschaft naturforschender Freunde zu Berlin,0037-5942,deutsch,37 (1999) Sonderdruck
S,Smithsonian Contributions to Botany,Smithsonian Institution,0081-024x,englisch,94 (2010) 
S,Smithsonian Contributions to Botany,Smithsonian Institution,0081-024x,englisch,96 (2014)
S,Smithsonian Contributions to Botany,Smithsonian Institution,0081-024x,englisch,106 (2017)
S,Smithsonian Contributions to Zoology,Smithsonian Institution,0081-0282,englisch,311 (1980)
S,Smithsonian Contributions to Zoology,Smithsonian Institution,0081-0282,englisch,629 (2009)
S,Smithsonian Contributions to Zoology,Smithsonian Institution,0081-0282,englisch,636 (2012)
S,Smithsonian Contributions to Zoology,Smithsonian Institution,0081-0282,englisch,637 (2011)
S,Soil Organisms,Senckenberg- Museum of Natural History Görlitz,1864-6417,englisch,84 (2012) H. 1
S,Soil Organisms,Senckenberg- Museum of Natural History Görlitz,1864-6417,englisch,73 (2015) H. 3
S,Solutions : for a sustainable and desirable future,,keine ISSN,englisch,1 (2010) H. 1- H. 2- H. 3
S,Southern Bird,Ornithological Society of New Zealand,1175-1916,englisch,45 (2011)
S,Species Diversity,Japanese Society of Systematic Zoology,1342-1670,englisch,15 (2010) H.1-2
S,Spixiana / Supplement,Zoologische Staatssammlung München ,0177-7424,deutsch,9 (1983)
S,Spixiana / Supplement,Zoologische Staatssammlung München ,0177-7424,deutsch,10 (1984)
S,Spixiana / Supplement,Zoologische Staatssammlung München ,0177-7424,deutsch,17 (1992)
S,Studia botanica hungarica,Institutum Botanicum Musei Historico-Naturalis Hungarici,0301-7001,?,42 (2011)
S,Studies on Neotropical Fauna and Environment,,0165-0521,englisch,32 (1997) H. 1-3
S,Studies on Neotropical Fauna and Environment,,0165-0521,englisch,33 (1998) H. 1-3
S,Studies on Neotropical Fauna and Environment,,0165-0521,englisch,34 (1999) H. 1-3
S,Studies on Neotropical Fauna and Environment,,0165-0521,englisch,35 (2000) H. 1-3
S,Studies on Neotropical Fauna and Environment,,0165-0521,englisch,36 (2001) H. 1
S,Studies on Neotropical Fauna and Environment,,0165-0521,englisch,37 (2001) H. 1-3
S,Studies on Neotropical Fauna and Environment,,0165-0521,englisch,38 (2003) H. 1
S,Studies on Neotropical Fauna and Environment,,0165-0521,englisch,42 (2007) H. 1 
S,Studies on Neotropical Fauna and Environment,,0165-0521,englisch,44 (2009) H. 2-3
S,Studies on Neotropical Fauna and Environment,,0165-0521,englisch,53 (2018) H. 3
S,Stuttgarter Beiträge zur Naturkunde,,,,28 (1990)
S,Stuttgarter Beiträge zur Naturkunde,,,,73 (2012)
S,Stuttgarter Beiträge zur Naturkunde,,,,82 (2017)
S,Swara ,East African Wild Life Society,1018-6174,englisch,20 (1997) H. 6 
S,Swara ,East African Wild Life Society,1018-6174,englisch,21 (1998) H.1- 3
S,Swara ,East African Wild Life Society,1018-6174,englisch,22 (1999/2000) H. 2 - 4
S,Swara ,East African Wild Life Society,1018-6174,englisch,23 (2000) H. 1 - H. 2
S,Swara ,East African Wild Life Society,1018-6174,englisch,24 ()- H. 1 - H. 3
S,Swara ,East African Wild Life Society,1018-6174,englisch,25 (2002) H. 1
S,Swara ,East African Wild Life Society,1018-6174,englisch,26 (2003) H. 1
S,Swara ,East African Wild Life Society,1018-6174,englisch,27 (2004) H. 1 – H. 4
S,Swara ,East African Wild Life Society,1018-6174,englisch,28 (2005) H. 1- H. 3-4
S,Swara ,East African Wild Life Society,1018-6174,englisch,29 (2006) H. 1 – H. 4
S,Systematic Biology,Society of Systematic Biologists,1063-5157,englisch,59 (2010) H.1 2 Expl.- H.5-6
S,Systematic Biology,Society of Systematic Biologists,1063-5157,englisch,61 (2012) H.1
S,Systematic Biology,Society of Systematic Biologists,1063-5157,englisch,62 (2013) H1-2
S,Systematic Biology,Society of Systematic Biologists,1063-5157,englisch,65 (2016) H.5
T,Taprobanica : the journal of Asian biodiversity,,1800-427X,englisch,2 (2010) H. 1
T,Taprobanica : the journal of Asian biodiversity,,1800-427X,englisch,3 (2011) H. 3
T,Thema : Arbeitshefte für den Unterricht an Klein- und Primarklassen,Erziehungsrat des Kantons St. Gallen,keine ISSN,deutsch,(2008) H. 2
T,Thema : Arbeitshefte für den Unterricht an Klein- und Primarklassen,Erziehungsrat des Kantons St. Gallen,keine ISSN,deutsch,(2009) H. 2
T,Three-year report ... /, ZMT- Leibniz Center for Tropical Marine Ecology,keine ISSN,english,2006-2008
T,Tier,,,,1999-3
T,Ti-Magazin,,0942-5160,deutsch,1992-1995
T,Ti-Magazin,,0942-5160,deutsch,30 (1998) H. 3- H. 4
T,Ti-Magazin Special,,,,1996 „Asien“
T,Transactions of the Royal Society of South Australia,South Australian Museum,0372-1426,english,101 (1977) H. 1- H. 2/3&4- H.5/6- H. 7/8
T,Transactions of the Royal Society of South Australia,South Australian Museum,0372-1426,english,102 (1978) H. 1/2- H. 3/4- H. 5/6- H. 7/8
T,Transactions of the Royal Society of South Australia,South Australian Museum,0372-1426,english,103 (1979) H. 1/2- H. 3/4- H. 5/6- H. 7/8
T,Transactions of the Royal Society of South Australia,South Australian Museum,0372-1426,english,104 (1980) H. 1/2- H. 3/4- H. 5/6
T,Trends in Ecology & Evolution,Cell Press,0169-5347,englisch,22 (2007) H. 9
T,Trends in Ecology & Evolution,Cell Press,0169-5347,englisch,26 (2011) H. 11
T,Tropical Biodiversity and Systematics,,ISBN:3-925382-46-1,,1997
T,Tropical Fish Hobbyist,,0041-3259,englisch,30 (1981/1982) H.3-4-8-9-10-11-12
T,Tropical Fish Hobbyist,,0041-3259,englisch,41 (1992/1993) H.1-12
T,Tropical Fish Hobbyist,,0041-3259,englisch,42 (1993) H.1-4
T,Tropical Zoology,,,,22 (2009) H. 1
U,Untere Havel : naturkundliche Berichte aus Altmark und Prignitz, IHU Geologie und Analytik- Gesellschaft für Ingenieur-- Hydro- und Umweltgeologie,keine ISSN,deutsch,25 (2018)
V,Verliger,,,,6 (1964) Suppl.15
V,Verliger,,,,3 (1968) Suppl.
V,Verliger,,,,15 (1972) H.1-4
V,Verliger,,,,16 (1973) H.1-4
V,Verhandlungen der Deutschen Zoologischen Gesellschaft,Deutsche Zoologische Gesellschaft ,0070-4342,deutsch,82 (1989) 2. Expl.
V,Verhandlungen der Deutschen Zoologischen Gesellschaft,Deutsche Zoologische Gesellschaft ,0070-4342,deutsch,83 (1990)
V,Verhandlungen der Deutschen Zoologischen Gesellschaft,Deutsche Zoologische Gesellschaft ,0070-4342,deutsch,84 (1991)
V,Verhandlungen der Deutschen Zoologischen Gesellschaft,Deutsche Zoologische Gesellschaft ,0070-4342,deutsch,85 (1992) H.1+2 2. Expl.
V,Verhandlungen der Deutschen Zoologischen Gesellschaft,Deutsche Zoologische Gesellschaft ,0070-4342,deutsch,86 (1993) H.1+2
V,Verhandlungen der Deutschen Zoologischen Gesellschaft,Deutsche Zoologische Gesellschaft ,0070-4342,deutsch,87 (1994) H.1+2
V,Verhandlungen der Deutschen Zoologischen Gesellschaft,Deutsche Zoologische Gesellschaft ,0070-4342,deutsch,88 (1995) H.1+2
V,Verhandlungen der Deutschen Zoologischen Gesellschaft,Deutsche Zoologische Gesellschaft ,0070-4342,deutsch,90 (1997) H.1
V,Vernate,Naturkundemuseum Erfurt,0232-9565,deutsch,32 (2013) 2.Expl.
V,Vernate,Naturkundemuseum Erfurt,0232-9565,deutsch,34 (2015)
V,Veröffentlichung der Naturforschenden Gesellschaft zu Emden,Naturforschende Gesellschaft zu Emden von 1814 ,keine ISSN,deutsch,1978
V,Veröffentlichung der Naturforschenden Gesellschaft zu Emden,Naturforschende Gesellschaft zu Emden von 1814 ,keine ISSN,deutsch,1979
V,Veröffentlichungen des Naturkundemuseums Potsdam,Landeshauptstadt Potsdam- Naturkundemuseum Potsdam,1867-6855,deutsch,2017 H.3
V,Veröffentlichungen des Naturkundemuseums Potsdam,Landeshauptstadt Potsdam- Naturkundemuseum Potsdam,1867-6855,deutsch,2016 H. 2
V,Vertebrate Zoology,Senckenberg Gesellschaft für Naturforschung- Frankfurt am Main,1864-5755,englisch,62 (2012) H.2
V,Vida Silvestre Neotropical,Programa Regional en Manejo de Vida Silvestre para Mesoamérica y el Caribe,0889-3284,spanisch,1 (1986/87) H. 2
V,Vieraea,Museum Scientiarum Naturalium Nivariense,0210-945X,?,37 (2009) 2 Expl.
V,Vieraea,Museum Scientiarum Naturalium Nivariense,0210-945X,?,26 (2008)
V,Vogelkundliche Nachrichten aus Österreich,,,,23 (2012)1+2.- 3+4
V,Vogelschutz in Österreich,Mitteilungen der Österr. Gesellschaft für Vogelkunde,keine ISSN,deutsch,1 (1983)
V,Vogelschutz in Österreich,Mitteilungen der Österr. Gesellschaft für Vogelkunde,keine ISSN,deutsch,20 (2005)
V,Vogelschutz in Österreich,Mitteilungen der Österr. Gesellschaft für Vogelkunde,keine ISSN,deutsch,33 (2012)
V,Vogelschutz in Österreich,Mitteilungen der Österr. Gesellschaft für Vogelkunde,keine ISSN,deutsch,34 (2013)
V,Vogelschutz in Österreich,Mitteilungen der Österr. Gesellschaft für Vogelkunde,keine ISSN,deutsch,35 (2013)
V,Vogelschutz in Österreich,Mitteilungen der Österr. Gesellschaft für Vogelkunde,keine ISSN,deutsch,36 (2013)
V,Vogelwelt,Dachverband Deutscher Avifaunisten (DDA),0042-7993,deutsch,130 (2009) H. 2
V,Vogelwelt,Dachverband Deutscher Avifaunisten (DDA),0042-7993,deutsch,132 (2011) H. 2- 4
W,Waage- Die,,,,14 (1975) H. 1
W,Wetlands Ecology and Management,,0923-4861,englisch,1 (1989) H. 1
W,Wilson Journal of Ornithology,Wilson Ornithological Society,1559-4491,englisch,122 (2010) H.2
W,WWF Yearbook,,keine ISSN,englisch,1980-81
X,,,,,
Y,Yearbook / Die Leibniz-Gemeinschaft,Die Leibniz-Gemeinschaft,keine ISSN,englisch,2010
Z,Zbornik Slovenskeho,,,,2012
Z,Zeitschrift des Kölner Zoo,AG Zoologischer Garten Köln,0375-5290,deutsch,15 (1972) – 21 (1978/79) H.3
Z,Zeitschrift für Aquaristische Literatur,,1435-313X,deutsch,1 (1998) 
Z,Zeitschrift für Feldherpetologie und Dipterologie,,,deutsch,2 (1092) – 6 (1906)
Z,Zeitschrift für Fischkunde,,0939-6330,deutsch- englisch,1 (1991) H.1 bis 5 (2000) H. 2
Z,Zoo Anvers : revue ed. par la Societe Royale de Zoologie d'Anvers,Zoo Antwerpe,0044-5029,französisch,50 (1984) H.2
Z,Zoo Anvers Planckendael,Zoo Antwerpe,0779-4517,französisch,60 (1994) H.1
Z,Zoo <Anvers>,Zoo Antwerpe,0044-5029,französisch,64 (1999) H.3
Z,Zoo Basel Magazin,Freundeverein Zoo Basel,keine ISSN,deutsch,(2013) H.14
Z,Zoo Basel Magazin,Freundeverein Zoo Basel,keine ISSN,deutsch,(2013) H. 12
Z,Zoo Basel Magazin,Freundeverein Zoo Basel,keine ISSN,deutsch,(2015) H. 19
Z,Zoo Basel Magazin,Freundeverein Zoo Basel,keine ISSN,deutsch,(2016) H. 20
Z,Zoo Basel Geschäftsbericht,,keine ISSN,deutsch,2012
Z,Zoo Basel Geschäftsbericht,,keine ISSN,deutsch,2015
Z,Zoologica Poloniae,Polskie Towarzystwo Zoologiczne ,0044-510x,polnisch,52 (2007)
Z,Zoologica Poloniae,Polskie Towarzystwo Zoologiczne ,0044-510x,polnisch,53 (2008)
Z,Zoological Science,Zoological Society of Japan,0289-0003,polnisch,5 (1988) H. 1
Z,Zoologie ... : Mitteilungen der Deutschen Zoologischen Gesellschaft ,Deutsche Zoologische Gesellschaft ,0070-4342,deutsch,93 (2000)
Z,Zoologie ... : Mitteilungen der Deutschen Zoologischen Gesellschaft ,Deutsche Zoologische Gesellschaft ,0070-4342,deutsch,95 (2002)
Z,Zoologie ... : Mitteilungen der Deutschen Zoologischen Gesellschaft ,Deutsche Zoologische Gesellschaft ,0070-4342,deutsch,97 (2004/05) 2 Expl.
Z,Zoologie ... : Mitteilungen der Deutschen Zoologischen Gesellschaft ,Deutsche Zoologische Gesellschaft ,0070-4342,deutsch,98 (2006) 2 Expl.
Z,Zoologie ... : Mitteilungen der Deutschen Zoologischen Gesellschaft ,Deutsche Zoologische Gesellschaft ,0070-4342,deutsch,99 (2007) 2 Expl.
Z,Zoologie ... : Mitteilungen der Deutschen Zoologischen Gesellschaft ,Deutsche Zoologische Gesellschaft ,0070-4342,deutsch,101 (2009)
Z,Zoologie ... : Mitteilungen der Deutschen Zoologischen Gesellschaft ,Deutsche Zoologische Gesellschaft ,0070-4342,deutsch,103 (2011)
Z,Zoologie ... : Mitteilungen der Deutschen Zoologischen Gesellschaft ,Deutsche Zoologische Gesellschaft ,0070-4342,deutsch,104 (2012)
Z,Zoologie ... : Mitteilungen der Deutschen Zoologischen Gesellschaft ,Deutsche Zoologische Gesellschaft ,0070-4342,deutsch,106 (2014)
Z,Zoologischer Anzeiger,Deutsche Zoologische Gesellschaft ,0044-5231,deutsch- englisch,239 (2000) H. 2
Z,,,0044-5231,deutsch- englisch,240 (2001) H. 1-2
Z,,,0044-5231,deutsch- englisch,266 (2017) H. 1
Z,,,0044-5231,deutsch- englisch,282 (2018) H. 1- 2 Expl.
Z,Zoology supplement - Analysis of Complex Systems,Deutsche Zoologische Gesellschaft ,1438-0080,englisch,100 (1997) H. 4
Z,,,1438-0080,englisch,101 (1998) H. 4
Z,,,1438-0080,englisch,102 (1999) H. 2-3
Z,,,1438-0080,englisch,105 (2002) H. 4
Z,Zoology in the Middle East,,0939-7140,englisch,5 (1991)
Z,,,0939-7140,englisch,7 (1992)
Z,,,0939-7140,englisch,9 (1993)
Z,,,0939-7140,englisch,10 (1994)
Z,Zoosystema,Publications scientifiques du Museum- Paris,1280-9551,französisch,32 (2010) H.4
Z,,,1280-9551,französisch,34 (2012) H.4
Z,,,1280-9551,französisch,35 (2013) H.1
Z,,,1280-9551,französisch,36 (2014) H.1
Z,,,1280-9551,französisch,36 (2014) H.2
Z,,,1280-9551,französisch,36 (2014) H.4
Z,,,1280-9551,französisch,37 (2015) H.1- 2- 3- 4
Z,,,1280-9551,französisch,38 (2016) H.1- 3
Z,,,1280-9551,französisch,39 (2017) H.1- 2- 3 (2 Expl.)- 4
Z,,,1280-9551,französisch,40 (2018) H.1-5- 6-11
Z,,,1280-9551,französisch,40 (2018) articles 12-17
Z,Zoosystematics and Evolution,Museum für Naturkunde Berlin ,1435-1935,englisch,86 (2010) H.1
Z,Zprávy Mos,Ornitologická Stanice (Přerov) ,1804-2244,tschechisch,69 (2011)
Z,,,1804-2244,tschechisch,71 (2013)
Z,Zwischenruf / Leibniz-Gemeinschaft, Leibniz-Gemeinschaft,keine ISSN,deutsch,2 (2009)
Z,,,,,1 (2011)
